Link,Name,School,Location,Language of instruction,Standard length of studies,Degree,Area of Focus,Tuition fees,Admission requirements (Germany),Admission requirements (Link),Admission Mode,Admission Semester,Lecture Period,Website,International Office (AAA),AAA Mail,AAA Link
https://www.daad.de/deutschland/studienangebote/studiengang/en/?a=detail&id=w18385&q=&degree=37&subjects%5B380%5D=1&studyareas%5B380%5D=1&studyfields%5B394%5D=1&studyfields%5B390%5D=1&courselanguage=2&locations=&universities%5B1%5D=1&admissionsemester=&sort=name&page=1,Agricultural Economics,University of Hohenheim,Stuttgart-Hohenheim,English,4 semesters,Master's degree (Master of Science),,,APPLICATION: Application deadline: 15.07. (15.03. for Non-EU citizens); 30 places. Online-pretest 'Internet Test Agecon' needed for application. Under certain conditions admission with a grade up to 2.9 is possible. Bachelor's degree certificate to hand in until 31st December at the latest. SELECTION CRITERIA: *Grade of bachelor's degree *Completed apprenticeship *Hands-on training or studies abroad *Motivation letter See admission regulations for further information.,https://www.uni-hohenheim.de/en/application-agecon-info,selection by the HEI,Winter Semester only,15.10.2018 - 02.02.2019 Non-lecture days: Tue 31.10.2017 (Reformation Day across Germany) Wed 01.11.2017 (All Saints' Day) Sun 24.12.2017 to Sat 06.01.2018 (Christmas holidays),https://www.uni-hohenheim.de/agecon,Akademisches Auslandsamt Schloss Hohenheim Kolleggangflügel 70599 Stuttgart Tel.: 0711 459-22019 Fax: 0711 459-23723,aaa@uni-hohenheim.de,https://www.uni-hohenheim.de/organisation/einrichtung/akademisches-auslandsamt-aa
https://www.daad.de/deutschland/studienangebote/studiengang/en/?a=detail&id=w45839&q=&degree=37&subjects%5B380%5D=1&studyareas%5B380%5D=1&studyfields%5B394%5D=1&studyfields%5B390%5D=1&courselanguage=2&locations=&universities%5B1%5D=1&admissionsemester=&sort=name&page=1,Bioeconomy,University of Hohenheim,Stuttgart-Hohenheim,English,4 semesters,Master's degree (Master of Science),,,APPLICATION: Application deadline: 15.06.; 45 places. Bachelor's degree certificate to hand in until 31st December at the latest. SELECTION CRITERIA: *Grade of bachelor's degree *Subject-specific qualification *Completed apprenticeship or hands-on training *Motivation letter See admission regulations for further information.,https://www.uni-hohenheim.de/en/biecon-apply,selection by the HEI,Winter Semester only,15.10.2018 - 02.02.2019 Non-lecture days: Tue 31.10.2017 (Reformation Day across Germany) Wed 01.11.2017 (All Saints' Day) Sun 24.12.2017 to Sat 06.01.2018 (Christmas holidays),https://uni-hohenheim.de/bioecon,Akademisches Auslandsamt Schloss Hohenheim Kolleggangflügel 70599 Stuttgart Tel.: 0711 459-22019 Fax: 0711 459-23723,aaa@uni-hohenheim.de,https://www.uni-hohenheim.de/organisation/einrichtung/akademisches-auslandsamt-aa
https://www.daad.de/deutschland/studienangebote/studiengang/en/?a=detail&id=w23835&q=&degree=37&subjects%5B380%5D=1&studyareas%5B380%5D=1&studyfields%5B394%5D=1&studyfields%5B390%5D=1&courselanguage=2&locations=&universities%5B1%5D=1&admissionsemester=&sort=name&page=1,Comparative Local Development,University of Regensburg,Regensburg,English,18 months,Joint European Master in Comparative Local Development (Joint Master in Comparative Local Development),,,Academic studies in an economics law politics social science or comparable subject with above-average results (an overall grade of at least 'good'); at least 210 CP as part of the first academic studies; proof of a good command of English,,open admission,Winter Semester only,15.10.2018 - 09.02.2019,http://www.erasmusmundus-code.eu/,International Office Universitätsstr. 31 93053 Regensburg Tel.: 0941 943-2373 Fax: 0941 943-3882,marianne.sedlmeier@verwaltung.uni-regensburg.de,http://www-auslandsamt.uni-regensburg.de/willkommen.de.html
https://www.daad.de/deutschland/studienangebote/studiengang/en/?a=detail&id=w44007&q=&degree=37&subjects%5B380%5D=1&studyareas%5B380%5D=1&studyfields%5B394%5D=1&studyfields%5B390%5D=1&courselanguage=2&locations=&universities%5B1%5D=1&admissionsemester=&sort=name&page=1,Competition & Regulation,Leuphana University Lüneburg,Lüneburg,English,3 semesters,Master of Laws (Master of Laws),,920000 EUR total,Admission to the postgraduate Master's degree in Competition & Regulation LLM requires: 1.) A first professionally qualifying degree in Law or Economic Law in which in-depth legal knowledge was taught; Other degrees in subject-related courses may also be recognised 2.) At least 1 year of relevant professional experience; the following experience is deemed to be of particular relevance: - Full-time eligible (if applicable also voluntary) employment. Employment is deemed to be eligible if it predominantly involved work that corresponds to the qualification level of the relevant degree. - Post-graduate civil service including the economic law aspects. - Subject-related professional training. - Full-time work placement provided that aspects of economic law have been dealt with. 3.) Language proficiency: Applicants must also provide evidence of proficiency in English.,https://www.leuphana.de/professional-school/berufsbegleitende-master-mba/llm-fernstudium-competition-regulation.html,selection by the HEI,Summer and Winter Semester,03.04.2018 - 06.07.2018,http://www.leuphana.de/llm-competition,International Office Universitätsallee 1 21335 Lüneburg Tel.: 04131 677-1070 Fax: 04131 677-1075,international@uni.leuphana.de,http://www.leuphana.de/services/io.html
https://www.daad.de/deutschland/studienangebote/studiengang/en/?a=detail&id=w61601&q=&degree=37&subjects%5B380%5D=1&studyareas%5B380%5D=1&studyfields%5B394%5D=1&studyfields%5B390%5D=1&courselanguage=2&locations=&universities%5B1%5D=1&admissionsemester=&sort=name&page=1,Consumer Science,Munich University of Technology,München,English,4 semesters,Master of Science (Master of Science),,Ausnahmen beachten!,Bestehen des Eignungsverfahrens,https://www.wi.tum.de/programs/master-consumer-science/application/,,Winter Semester only,01.10.2018 - 31.03.2019,https://www.wi.tum.de/programs/master-consumer-science/program-structure/,International Center Arcisstraße 21 80333 München,internationalcenter@tum.de,http://portal.mytum.de/studium/ausland/kontakt/index_html
https://www.daad.de/deutschland/studienangebote/studiengang/en/?a=detail&id=w15442&q=&degree=37&subjects%5B380%5D=1&studyareas%5B380%5D=1&studyfields%5B394%5D=1&studyfields%5B390%5D=1&courselanguage=2&locations=&universities%5B1%5D=1&admissionsemester=&sort=name&page=1,Contemporary East Asian Studies,University of Duisburg-Essen,Duisburg,English,4 semesters,Master of Arts (Master of Arts),,https://www.uni-due.de/studierendensekretariat/sozial_studierendenschaftsbeitrag.shtml,BA in Economics or Social Science with a grade of at least 2.5; command of English at level C1 in accordance with the CEFR European Reference Framework; aptitude assessment test (internal application procedure) deadline for EU citizens is 15.09. for non-EU citizens 15.07.,https://www.uni-due.de/verwaltung/satzungen_ordnungen/pruefungsordnungen.php,open admission,Winter Semester only,09.10.2017 - 02.02.2018 The dates are inclusive of the first and last day specified.,https://www.uni-due.de/in-east/study_programs/ma_ceas/,Akademisches Auslandsamt / Campus Essen Universitätsstrasse 2 45141 Essen Tel.: 0201 183-4128 Fax: 0201 183-2257,essen-io@uni-due.de,http://www.uni-due.de/international/
https://www.daad.de/deutschland/studienangebote/studiengang/en/?a=detail&id=w61588&q=&degree=37&subjects%5B380%5D=1&studyareas%5B380%5D=1&studyfields%5B394%5D=1&studyfields%5B390%5D=1&courselanguage=2&locations=&universities%5B1%5D=1&admissionsemester=&sort=name&page=1,Data Science,University of Trier,Trier,English,4 semesters,Master's (single-subject) (M. Sc.),,28105 EUR per semester,,,open admission,Summer and Winter Semester,22.10.2018 - 09.02.2019,https://www.uni-trier.de/index.php?id=65325,Akademisches Auslandsamt Universitätsring 15 54296 Trier Tel.: 0651 201-2806 Fax: 0651 201-3914,aaa@uni-trier.de,http://www.international.uni-trier.de
https://www.daad.de/deutschland/studienangebote/studiengang/en/?a=detail&id=w33862&q=&degree=37&subjects%5B380%5D=1&studyareas%5B380%5D=1&studyfields%5B394%5D=1&studyfields%5B390%5D=1&courselanguage=2&locations=&universities%5B1%5D=1&admissionsemester=&sort=name&page=1,Development Economics,University of Göttingen,Göttingen,English,4 semesters,Master (Master of Arts),,http://www.uni-goettingen.de/de/32172.html,150 credit points in the relevant Bachelor course,,selection by the HEI,Summer and Winter Semester,09.04.2018 - 13.07.2018,http://www.uni-goettingen.de/de/203661.html,Göttingen International von-Siebold-Straße 4 37075 Göttingen Tel.: 0551 39-13586 Fax: 0551 39-1813586,international@uni-goettingen.de,http://www.uni-goettingen.de/international_office
https://www.daad.de/deutschland/studienangebote/studiengang/en/?a=detail&id=w34582&q=&degree=37&subjects%5B380%5D=1&studyareas%5B380%5D=1&studyfields%5B394%5D=1&studyfields%5B390%5D=1&courselanguage=2&locations=&universities%5B1%5D=1&admissionsemester=&sort=name&page=1,Development Economics and International Studies,University of Erlangen-Nuremberg,Erlangen,English,4 semesters,Master of Arts (Master of Arts),,,- Qualified degree (Bachelor's Diplom or equivalent) in Economics. Applicants with a degree in a related subject must present evidence of a strong focus on Economics and Quantitative Methods in their undergraduate education. - Sound command of English documented by the Test of English as a Foreign Language (TOEFL) or International English Language Testing System (IELTS) or an equivalent method.,http://www.fau.de/studium/vor-dem-studium/bewerbung/anmeldung-zum-masterstudium/,open admission,Winter Semester only,15.10.2018 - 09.02.2019,https://www.economics.phil.fau.de/studium/studiengaenge/master-of-arts-development-economics-and-international-studies/,Referat für internationale Angelegenheiten Helmstraße 1 91054 Erlangen Tel.: 09131 85-24801 Fax: 09131 85-22131,brigitte.perlick@fau.de,http://www.fau.de/international/
https://www.daad.de/deutschland/studienangebote/studiengang/en/?a=detail&id=w48857&q=&degree=37&subjects%5B380%5D=1&studyareas%5B380%5D=1&studyfields%5B394%5D=1&studyfields%5B390%5D=1&courselanguage=2&locations=&universities%5B1%5D=1&admissionsemester=&sort=name&page=1,Development Studies,University of Passau,Passau,English,4 semesters,Master (Master of Arts),,https://www.uni-passau.de/studium/waehrend-des-studiums/kosten-finanzierung/semesterbeitraege/,Academic requirements: A first (Bachelor's degree or equivalent) university degree in Social Sciences Economics or Business Studies i.e. in one of the following disciplines: Anthropology Demography Empirical Social or Human Geography Sociology Administrative Science Economics Business Studies/Administration or any other equivalent degree with a minimum of 60 ECTS credits in one or several of these disciplines based on a minimum three-year full-time programme. Out of these 60 10 ECTS credits need to come from methods of empirical research such as data collection and survey design qualitative or quantitative data analysis mathematics or statistics. Your overall average mark for your undergraduate degree should be equivalent to 2.5 or better according to the German marking scale or ranked among the best 50% of your cohort. Language requirements: Unless English is your first language or the language of instruction for your undergraduate studies or secondary school education you will need to prove that you have adequate English skills (level B2 CEFR or higher) by means of a recognised language test such as TOEFL with a score of at least 220 (computer-based) 550 (paper-based) or 100 (Internet-based) or an equivalent certificate. Applicants should also have basic knowledge of German (level A1) to make sure that they can organise their everyday life. Applicants who do not yet have basic knowledge of German are offered the possibility to take a language class either before the start of the programme or within the first two semesters.,http://www.uni-passau.de/bewerbung-master/,,Winter Semester only,15.10.2018 - 09.02.2019,http://www.uni-passau.de/master-development-studies/,Akademisches Auslandsamt Innstr. 41 94032 Passau Tel.: 0851 509-1160 Fax: 0851 509-1164,auslandsamt@uni-passau.de,http://www.uni-passau.de/auslandsamt.html
https://www.daad.de/deutschland/studienangebote/studiengang/en/?a=detail&id=w34581&q=&degree=37&subjects%5B380%5D=1&studyareas%5B380%5D=1&studyfields%5B394%5D=1&studyfields%5B390%5D=1&courselanguage=2&locations=&universities%5B1%5D=1&admissionsemester=&sort=name&page=2,Digital Pioneering,Zeppelin University - A University between Business Culture Media and Politics,Friedrichshafen,English,3 semesters,Executive Master of Arts of Digital Pioneering (Master of Arts of Digital Pioneering),,647500 EUR per semester,minimum 1 year of professional experience,,,Winter Semester only,02.09.2017 - 31.12.2017,http://www.zu.de/emadip,International Office Am Seemooser Horn 20 88045 Friedrichshafen Tel.: 07541 6009-2041 Fax: 07541 6009-2099,international-office@zu.de,http://www.zu.de/deutsch/services/io_mission.php?navid=516
https://www.daad.de/deutschland/studienangebote/studiengang/en/?a=detail&id=w39387&q=&degree=37&subjects%5B380%5D=1&studyareas%5B380%5D=1&studyfields%5B394%5D=1&studyfields%5B390%5D=1&courselanguage=2&locations=&universities%5B1%5D=1&admissionsemester=&sort=name&page=2,Economic Behaviour & Governance,University of Kassel,Kassel,English,3 semesters,Master (Master of Science),,,Bachelor's degree or Diplom I qualification in Economic Sciences or in an equivalent subject proof of a standard period of study of at least 6 semesters and 210 credits proof of language skills as well as proof of subject relevance - conditions may be set.,http://www.uni-kassel.de/uni/studium/studienangebot/studiengangsseiten/weiterfuehrende-studiengaenge/economic-behaviour-and-governance-m.html,open admission,Winter Semester only,09.04.2018 - 13.07.2018 Summer semester including lecture-free period: 01 April 2018-30.09.2018,http://www.uni-kassel.de/uni/studium/studienangebot/studiengangsseiten/weiterfuehrende-studiengaenge/economic-behaviour-and-governance-m.html,International Office Moritzstraße 18 34127 Kassel Tel.: 0561 804-2103 Fax: 0561 804-3513,international-office@uni-kassel.de,http://www.uni-kassel.de/uni/internationales/international-office/startseite.html
https://www.daad.de/deutschland/studienangebote/studiengang/en/?a=detail&id=w7152&q=&degree=37&subjects%5B380%5D=1&studyareas%5B380%5D=1&studyfields%5B394%5D=1&studyfields%5B390%5D=1&courselanguage=2&locations=&universities%5B1%5D=1&admissionsemester=&sort=name&page=2,Economic Policy,University of Siegen,Siegen,English,4 semesters,Master of Science (Master of Science),,26096 EUR per semester,1) To apply for the MEPS programme you need to have an appropriate Bachelor's degree with at least 6 semesters regular period of study. 2) An explicit academic background in Economics is an advantage but not required. Should you have no explicit or only a weak economic background we would like to ask you to especially document that your formal (mathematical and statistical) background is sufficient to enable you to meet the formal requirements of our quantitatively oriented Master''s program. 3) If English is not your first language or if your Bachelor's degree has not been achieved in a program taught entirely in English an adequate command of English (level B1 CEF (Common European Framework) must also be documented. English language qualifications comparable to a 'B1 level' can be documented as follows: - TOEFL test results of at least 550 (paper-based) or 213 (computer-based test) or 79 Internet-based test). - The TOEFL code for the University of Siegen is 8429. - IELTS test with a minimum score of 5.5 points - Cambridge/Oxford Certificate: PET - English language qualifications obtained through at least five years of English instruction in secondary/high school. You are required to enclose copies of your secondary/high school certificates including course and examination descriptions of your English language course for these five years. NOTE: 'NEWSLETTER FOR PROSPECTIVE STUDENTS' Subscribe at www.uni-siegen.de/zsb/newsletter,http://www.meps.uni-siegen.de,open admission,Winter Semester only,08.10.2018 - 01.02.2019,http://www.uni-siegen.de/zsb/studienangebot/master/ep.html?m=e,International Student Affairs Adolf-Reichwein-Straße 2 57068 Siegen Tel.: 0271 740-3911 Fax: 0271 740-3900,andree.klann@zv.uni-siegen.de,http://www.uni-siegen.de/international-office/
https://www.daad.de/deutschland/studienangebote/studiengang/en/?a=detail&id=w7741&q=&degree=37&subjects%5B380%5D=1&studyareas%5B380%5D=1&studyfields%5B394%5D=1&studyfields%5B390%5D=1&courselanguage=2&locations=&universities%5B1%5D=1&admissionsemester=&sort=name&page=2,Economics,University of Freiburg,Freiburg,English,4 semesters,Master of Science (Master of Science),,,Admission requirement according to admission regulations,http://www.studium.uni-freiburg.de/de/studienangebot/studienfaecher/info/368,open admission,Winter Semester only,15.10.2018 - 09.02.2019,http://www.studium.uni-freiburg.de/de/studienangebot/studienfaecher/info/368,International Office/Büro für Internationale Beziehungen Fahnenbergplatz 79085 Freiburg Tel.: 0761 203-4375 Fax: 0761 203-4377,katharina.aly@io.uni-freiburg.de,http://www.io.uni-freiburg.de
https://www.daad.de/deutschland/studienangebote/studiengang/en/?a=detail&id=w15198&q=&degree=37&subjects%5B380%5D=1&studyareas%5B380%5D=1&studyfields%5B394%5D=1&studyfields%5B390%5D=1&courselanguage=2&locations=&universities%5B1%5D=1&admissionsemester=&sort=name&page=2,Economics,University of Bonn,Bonn,English,4 semesters,Master of Science (Master of Science),,,,http://www.econ.uni-bonn.de/studium-lehre-1/master/zulassung,open admission,Winter Semester only,18.04.2017 - 28.07.2017,http://www.econ.uni-bonn.de/studium-lehre-1/master,Dezernat Internationales Poppelsdorfer Allee 53 53115 Bonn,ksicks@uni-bonn.de,https://www.uni-bonn.de/internationales
https://www.daad.de/deutschland/studienangebote/studiengang/en/?a=detail&id=w19060&q=&degree=37&subjects%5B380%5D=1&studyareas%5B380%5D=1&studyfields%5B394%5D=1&studyfields%5B390%5D=1&courselanguage=2&locations=&universities%5B1%5D=1&admissionsemester=&sort=name&page=2,Economics,Ruhr University Bochum,Bochum,English,4 semesters,Master of Science (Master of Science),,,Graduates with a six-semester Economics Bachelor of Science degree or a similar degree with economic content amounting to a total of 180 ECTS points can be admitted to the Master's degree in Economics if 40 ECTS points were gained in the area of Economics and 15 ECTS points were in the field of Mathematics and Statistics and adequate command of English (at least level B2 in the Common European Framework of Reference) can be proven.,http://www.ruhr-uni-bochum.de/studierendensekretariat/studium/bewerbung_zulassung/master.html.de,selection by the HEI,Summer and Winter Semester,08.10.2018 - 01.02.2019,http://studienangebot.ruhr-uni-bochum.de/de/economics/master-1-fach,International Office Universitätsstraße 150 44780 Bochum Tel.: 0234 32-26801 Fax: 0234 32-14684,international@ruhr-uni-bochum.de,http://international.rub.de/intoff/index.html.de
https://www.daad.de/deutschland/studienangebote/studiengang/en/?a=detail&id=w22468&q=&degree=37&subjects%5B380%5D=1&studyareas%5B380%5D=1&studyfields%5B394%5D=1&studyfields%5B390%5D=1&courselanguage=2&locations=&universities%5B1%5D=1&admissionsemester=&sort=name&page=2,Economics,University of Cologne,Köln,English,4 semesters,Master of Science (Master of Science),,http://verwaltung.uni-koeln.de/studsek/content/studium/rueckmeldung_amp_semesterbeitrag/zahlungsdaten_bankverbindung/,See website of the admissions committee: http://www.wiso-zulassung.uni-koeln.de,http://www.wiso.uni-koeln.de/de/studium/studieninteressierte/master/economics/,selection by the HEI,Winter Semester only,08.10.2018 - 01.02.2019 Semester period: 01.10.2017 - 31.03.2018,https://www.wiso.uni-koeln.de/de/nc/studium/master/master-economics/,Dezernat 9 Internationales Universitätsstr. 22a 50937 Köln,zulassung@verw.uni-koeln.de,http://international.uni-koeln.de/
https://www.daad.de/deutschland/studienangebote/studiengang/en/?a=detail&id=w22822&q=&degree=37&subjects%5B380%5D=1&studyareas%5B380%5D=1&studyfields%5B394%5D=1&studyfields%5B390%5D=1&courselanguage=2&locations=&universities%5B1%5D=1&admissionsemester=&sort=name&page=2,Economics,Kiel University,Kiel,English,4 semesters,Single-subject Master's course (Master of Science),,,- Relevant Bachelor's degree or a comparable degree with a minimum grade of 2.5 or ECTS grade 'C' - Further specific requirements are defined in the examination regulations/academic qualification articles - Course commencement in the winter semester is recommended.,http://www.studium.uni-kiel.de/de/studienangebot,open admission,Summer and Winter Semester,15.10.2018 - 18.02.2019,http://www.studium.uni-kiel.de/de/studienangebot/studienfaecher/economics-ma,International Center Westring 400 24118 Kiel Tel.: 0431 880-3715 Fax: 0431 880-1666,mschmode@uv.uni-kiel.de,http://www.international.uni-kiel.de/
https://www.daad.de/deutschland/studienangebote/studiengang/en/?a=detail&id=w26388&q=&degree=37&subjects%5B380%5D=1&studyareas%5B380%5D=1&studyfields%5B394%5D=1&studyfields%5B390%5D=1&courselanguage=2&locations=&universities%5B1%5D=1&admissionsemester=&sort=name&page=2,Economics,University of Konstanz,Konstanz,English,4 semesters,Master (Master of Science),,http://uni.kn/studiengebuehren,You will need to have an above average Bachelor's degree in economics or natural sciences show proof of knowledge of mathematics statistics or econometrics English language skills (evidenced by a language examination such as Cambridge Certificate of Proficiency in English IELTS or TOEFEL) and submit a CV with a letter of motivation as well as two references from university teachers. We will gladly receive your application even if you have not yet obtained your Bachelor's certificate. Please see our website for all the admission requirements.,https://www.uni-konstanz.de/studieren/vor-dem-studium/bewerbung-und-immatrikulation/zulassungssatzungen/masterstudiengaenge-mit-numerus-clausus/,selection by the HEI,Winter Semester only,22.10.2018 - 16.02.2019,https://www.uni-konstanz.de/studieren/vor-dem-studium/studienangebot/master/economics-msc/,International Office Universitätsstraße 10 78457 Konstanz Tel.: 07531 88-3089 Fax: 07531 88-3037,international@uni-konstanz.de,http://www.uni-konstanz.de/international/
https://www.daad.de/deutschland/studienangebote/studiengang/en/?a=detail&id=w26553&q=&degree=37&subjects%5B380%5D=1&studyareas%5B380%5D=1&studyfields%5B394%5D=1&studyfields%5B390%5D=1&courselanguage=2&locations=&universities%5B1%5D=1&admissionsemester=&sort=name&page=2,Economics,University of Mannheim,Mannheim,English,4 semesters,Master (Master of Science),,http://www.uni-mannheim.de/studienbueros/studentisches/semesterbeitraege/,See the selection regulations at http://www.bewerbung.uni-mannheim.de,http://www.bewerbung.uni-mannheim.de,selection by the HEI,Winter Semester only,03.09.2018 - 07.12.2018 (Autumn semester),http://master.vwl.uni-mannheim.de/,Akademisches Auslandsamt Akademisches Auslandsamt 68131 Mannheim Tel.: 0621 181-1151 Fax: 0621 181-1161,aaa@verwaltung.uni-mannheim.de,http://www.uni-mannheim.de/aaa/index.php
https://www.daad.de/deutschland/studienangebote/studiengang/en/?a=detail&id=w26695&q=&degree=37&subjects%5B380%5D=1&studyareas%5B380%5D=1&studyfields%5B394%5D=1&studyfields%5B390%5D=1&courselanguage=2&locations=&universities%5B1%5D=1&admissionsemester=&sort=name&page=3,Economics,University of Bayreuth,Bayreuth,English,4 semesters,Master (Master of Science),,,Bachelor's degree with an examination grade of 2.5 or better in Economics International Economics & Development Business Administration Philosophy & Economics and Health Economics at the Universität Bayreuth or an equivalent degree. Before enrolment please apply for validation of the equivalence of your degree by the examination board.,http://www.studierendenkanzlei.uni-bayreuth.de/de/bewerbung_und_einschreibung/index.html,open admission,Summer and Winter Semester,16.10.2017 - 10.02.2018,http://www.econmsc.uni-bayreuth.de,International Office Universitätsstraße 30 95447 Bayreuth Tel.: 0921 55-5275 Fax: 0921 55-5297,international@uni-bayreuth.de,http://www.international-office.uni-bayreuth.de/de/team/index.html
https://www.daad.de/deutschland/studienangebote/studiengang/en/?a=detail&id=w26977&q=&degree=37&subjects%5B380%5D=1&studyareas%5B380%5D=1&studyfields%5B394%5D=1&studyfields%5B390%5D=1&courselanguage=2&locations=&universities%5B1%5D=1&admissionsemester=&sort=name&page=3,Economics,University of Erlangen-Nuremberg,Nürnberg,English,4 semesters,Master of Science (Master of Science in Economics),,The contributions may differ in individual cases.,Degree in Economics or a related discipline such as Mathematics or Social Sciences. The subject area and the previous grades from the Bachelor's degree are decisive for the selection. If necessary applicants will be invited to an aptitude test in the form of a selection interview.,https://www.fau.de/studium/vor-dem-studium/bewerbung/anmeldung-zum-masterstudium/,open admission,Winter Semester only,15.10.2018 - 09.02.2019,http://www.dmse.wiso.uni-erlangen.de/,Referat für internationale Angelegenheiten Helmstraße 1 91054 Erlangen Tel.: 09131 85-24801 Fax: 09131 85-22131,brigitte.perlick@fau.de,http://www.fau.de/international/
https://www.daad.de/deutschland/studienangebote/studiengang/en/?a=detail&id=w27658&q=&degree=37&subjects%5B380%5D=1&studyareas%5B380%5D=1&studyfields%5B394%5D=1&studyfields%5B390%5D=1&courselanguage=2&locations=&universities%5B1%5D=1&admissionsemester=&sort=name&page=3,Economics,University of Hamburg,Hamburg,English,4 semesters,Master of Science (Master of Science),,,First degree qualifying you to enter a profession\; For details see Note different application deadlines!! Application deadline for the winter semester: 15 February to 31 March every year. Application period: 15.02. - 31.03.! A first university degree in Economics (or Economics and Finance). The programme also aims at students who graduated from non-economics related programmes seeking to enter the employment marketplace with key economic skills (Bachelor degree in Science Engineering Mathematics or Statistics). Applicants with a degree in Business Administration must present evidence of a strong focus on economics and quantitative methods in their undergraduate education. Competence in English. For further details see http://www.wiso.uni-hamburg.de/index.php?id=7696&L=0 Note different application deadlines!! Application deadline for the winter semester: 15 February to 31 March every year Application period: 15.02. - 31.03.!,http://www.uni-hamburg.de/campuscenter/studienangebot/studiengang.html?1242234259,selection by the HEI,Winter Semester only,15.10.2018 - 02.02.2019,http://www.uni-hamburg.de/campuscenter/studienangebot/studiengang.html?1242234259,Abteilung Internationales Mittelweg 177 20148 Hamburg Tel.: 040 42838-7282 Fax: 040 42838-7028,international.office@verw.uni-hamburg.de,http://www.uni-hamburg.de/internationales.html
https://www.daad.de/deutschland/studienangebote/studiengang/en/?a=detail&id=w28225&q=&degree=37&subjects%5B380%5D=1&studyareas%5B380%5D=1&studyfields%5B394%5D=1&studyfields%5B390%5D=1&courselanguage=2&locations=&universities%5B1%5D=1&admissionsemester=&sort=name&page=3,Economics,University of Hohenheim,Stuttgart-Hohenheim,English,4 semesters,Master's degree (Master of Science),,,APPLICATION: Application deadline: 15.06.; 50 places. Bachelor's degree certificate to hand in until 31st December at the latest. SELECTION CRITERIA: *Grade of Bachelor's degree *Grade of university entrance qualification *Subject specific qualification See admission regulations for further information.,https://www.uni-hohenheim.de/en/application-economics-info,selection by the HEI,Winter Semester only,15.10.2018 - 02.02.2019 Non-lecture days: Tue 31.10.2017 (Reformation Day across Germany) Wed 01.11.2017 (All Saints' Day) Sun 24.12.2017 to Sat 06.01.2018 (Christmas holidays),https://www.uni-hohenheim.de/en/economics-masters,Akademisches Auslandsamt Schloss Hohenheim Kolleggangflügel 70599 Stuttgart Tel.: 0711 459-22019 Fax: 0711 459-23723,aaa@uni-hohenheim.de,https://www.uni-hohenheim.de/organisation/einrichtung/akademisches-auslandsamt-aa
https://www.daad.de/deutschland/studienangebote/studiengang/en/?a=detail&id=w28687&q=&degree=37&subjects%5B380%5D=1&studyareas%5B380%5D=1&studyfields%5B394%5D=1&studyfields%5B390%5D=1&courselanguage=2&locations=&universities%5B1%5D=1&admissionsemester=&sort=name&page=3,Economics,University of Heidelberg,Heidelberg,English,4 semesters,Master (Master of Science),,See home page,see admission regulations,http://www.uni-heidelberg.de/studium/interesse/bewerbung/bew_info.html,selection by the HEI,Winter Semester only,16.10.2017 - 10.02.2018,http://www.uni-heidelberg.de/studium/interesse/faecher/economics_msc.html,Internationale Beziehungen Seminarstr. 2 69117 Heidelberg Tel.: 06221 54-2336 Fax: 06221 54-2332,gerke@zuv.uni-heidelberg.de,http://www.uni-heidelberg.de/einrichtungen/verwaltung/internationales/
https://www.daad.de/deutschland/studienangebote/studiengang/en/?a=detail&id=w31540&q=&degree=37&subjects%5B380%5D=1&studyareas%5B380%5D=1&studyfields%5B394%5D=1&studyfields%5B390%5D=1&courselanguage=2&locations=&universities%5B1%5D=1&admissionsemester=&sort=name&page=3,Economics,University of Trier,Trier,English,4 semesters,Master's (single-subject) (Master of Science),,28105 EUR per semester,Section 2 of the General Examination Regulations for Master's degree courses at the University of Trier. BA degree at the University of Trier Dept. IV or equivalent. Good knowledge of economics and English.,,open admission,Summer and Winter Semester,22.10.2018 - 09.02.2019,https://www.uni-trier.de/index.php?id=41934,Akademisches Auslandsamt Universitätsring 15 54296 Trier Tel.: 0651 201-2806 Fax: 0651 201-3914,aaa@uni-trier.de,http://www.international.uni-trier.de
https://www.daad.de/deutschland/studienangebote/studiengang/en/?a=detail&id=w32488&q=&degree=37&subjects%5B380%5D=1&studyareas%5B380%5D=1&studyfields%5B394%5D=1&studyfields%5B390%5D=1&courselanguage=2&locations=&universities%5B1%5D=1&admissionsemester=&sort=name&page=3,Economics,Ludwig Maximilians University Munich,München,English,4 semesters,Master of Science,,http://www.uni-muenchen.de/studium/administratives/abc_auswahl/gebuehr/index.html,Assessment of aptitude procedure,http://www.vwl.uni-muenchen.de,,Winter Semester only,09.04.2018 - 14.07.2018,http://www.en.master.econ.uni-muenchen.de,Internationale Angelegenheiten (Referat III.3) Geschwister-Scholl Platz 1 80539 München Tel.: 089 2180-2823 Fax: 089 2180-3136,international@lmu.de,http://www.uni-muenchen.de/international
https://www.daad.de/deutschland/studienangebote/studiengang/en/?a=detail&id=w37488&q=&degree=37&subjects%5B380%5D=1&studyareas%5B380%5D=1&studyfields%5B394%5D=1&studyfields%5B390%5D=1&courselanguage=2&locations=&universities%5B1%5D=1&admissionsemester=&sort=name&page=3,Economics,University of Jena,Jena,English,4 semesters,Master (Master of Science),,http://www.uni-jena.de/Semesterbeitrag.html,At least 22 credit points in Economics at least 6 credit points in Mathematics and at least 6 credit points in Statistics are required. An adequate command of English is required for successful studies. German applicants may alternatively use their school reports as proof of an adequate command of English. The report must prove that the foreign language English was studied for at least 5 years before the completion of the higher education entrance qualification. The final grade or the average grade of the last two years has to be at least 'adequate' (German grade 4 or 5 points).,http://www.master.uni-jena.de/MSc_Economics-path-1.html,open admission,Winter Semester only,15.10.2018 - 08.02.2019 siehe auch www.uni-jena.de/semestertermine.html,http://www.uni-jena.de/Studium/Studienangebot/MSc_Economics.html,Internationales Büro Fürstengraben 1 07743 Jena Tel.: 03641 93-1161 Fax: 03641 93-1162,international@uni-jena.de,http://www.uni-jena.de/Internationales_Buero.html
https://www.daad.de/deutschland/studienangebote/studiengang/en/?a=detail&id=w38180&q=&degree=37&subjects%5B380%5D=1&studyareas%5B380%5D=1&studyfields%5B394%5D=1&studyfields%5B390%5D=1&courselanguage=2&locations=&universities%5B1%5D=1&admissionsemester=&sort=name&page=3,Economics,Eberhard Karls University Tübingen,Tübingen,English,4 semesters,Master (Master of Science),,http://www.uni-tuebingen.de/de/31479,Earlier application deadline of 15 May.,https://www.uni-tuebingen.de/de/1579,selection by the HEI,Winter Semester only,15.10.2018 - 09.02.2019,http://www.uni-tuebingen.de/de/61600,Internationale Angelegenheiten Wilhelmstr. 9 72074 Tübingen Tel.: 07071 29-72938 Fax: 07071 29-5404,wolfgang.mekle@uni-tuebingen.de,http://www.uni-tuebingen.de/international/
https://www.daad.de/deutschland/studienangebote/studiengang/en/?a=detail&id=w38323&q=&degree=37&subjects%5B380%5D=1&studyareas%5B380%5D=1&studyfields%5B394%5D=1&studyfields%5B390%5D=1&courselanguage=2&locations=&universities%5B1%5D=1&admissionsemester=&sort=name&page=3,Economics - Quantitative Economics,Bielefeld University,Bielefeld,English,4 semesters,Master (Master of Science),,http://www.uni-bielefeld.de/Universitaet/Studium/Studierendensekretariat/Studienbeitraege/,as usual,,selection by the HEI,Winter Semester only,08.10.2018 - 01.02.2019 The beginning of the semester: 01.04.2018 The end of the semester: 30.09.2018,http://www.wiwi.uni-bielefeld.de/studium/studieninteressierte/masterstudiengaenge/master_qe,International Office Universitätsstraße 25 33615 Bielefeld Tel.: 0521 106-4088 Fax: 0521 106-6439,io@uni-bielefeld.de,http://www.uni-bielefeld.de/Universitaet/Einrichtungen/Weitere%20Einrichtungen/IO/
https://www.daad.de/deutschland/studienangebote/studiengang/en/?a=detail&id=w16663&q=&degree=37&subjects%5B380%5D=1&studyareas%5B380%5D=1&studyfields%5B394%5D=1&studyfields%5B390%5D=1&courselanguage=2&locations=&universities%5B1%5D=1&admissionsemester=&sort=name&page=4,Economics and Finance,Eberhard Karls University Tübingen,Tübingen,English,4 semesters,Master (Master of Science),,http://www.uni-tuebingen.de/de/31479,Deviating application deadline for the first specialisation semester: already on 15.05.,https://www.uni-tuebingen.de/de/1579,selection by the HEI,Winter Semester only,15.10.2018 - 09.02.2019,http://www.uni-tuebingen.de/de/30166,Internationale Angelegenheiten Wilhelmstr. 9 72074 Tübingen Tel.: 07071 29-72938 Fax: 07071 29-5404,wolfgang.mekle@uni-tuebingen.de,http://www.uni-tuebingen.de/international/
https://www.daad.de/deutschland/studienangebote/studiengang/en/?a=detail&id=w13656&q=&degree=37&subjects%5B380%5D=1&studyareas%5B380%5D=1&studyfields%5B394%5D=1&studyfields%5B390%5D=1&courselanguage=2&locations=&universities%5B1%5D=1&admissionsemester=&sort=name&page=4,Economics and Institutions/National Economics,University of Marburg,Marburg,English,4 semesters,Master of Science (Master of Science),,There are currently no tuition fees in the state of Hesse!,https://www.uni-marburg.de/studium/studienangebot/master/m-ecoinst,https://www.uni-marburg.de/studium/studienangebot/master/m-ecoinst,open admission,Summer and Winter Semester,15.10.2018 - 15.02.2019,http://www.uni-marburg.de/fb02/studium/studiengaenge/msc-econinst,Referat für Internationalsierung und Wissenschaftliche Kooperationen / International Office Deutschhausstrasse 11 + 13 35037 Marburg Tel.: 06421 28-26176 Fax: 06421 28-28998,kienle@uni-marburg.de,http://www.uni-marburg.de/internationales/kontaktinternational
https://www.daad.de/deutschland/studienangebote/studiengang/en/?a=detail&id=w6046&q=&degree=37&subjects%5B380%5D=1&studyareas%5B380%5D=1&studyfields%5B394%5D=1&studyfields%5B390%5D=1&courselanguage=2&locations=&universities%5B1%5D=1&admissionsemester=&sort=name&page=4,Economics and Management Science,Humboldt University Berlin,Berlin,English,4 semesters,Master's (Master of Science),,None,Degree in Economics; command of English at a level comparable to minimum level C1,,selection by the HEI,Winter Semester only,15.10.2018 - 16.02.2019,https://www.wiwi.hu-berlin.de/de/international/mems,International Office/Internationales Büro Unter den Linden 6 10099 Berlin Tel.: 030 2093-2565 Fax: 030 2093-2780,aia.leitung@uv.hu-berlin.de,http://www.international.hu-berlin.de/homepage
https://www.daad.de/deutschland/studienangebote/studiengang/en/?a=detail&id=w22263&q=&degree=37&subjects%5B380%5D=1&studyareas%5B380%5D=1&studyfields%5B394%5D=1&studyfields%5B390%5D=1&courselanguage=2&locations=&universities%5B1%5D=1&admissionsemester=&sort=name&page=4,Economics of the Middle East (EMEA),University of Marburg,Marburg,English,4 semesters,Master of Science (Master of Science),,There are currently no tuition fees in the state of Hesse!,,http://www.uni-marburg.de/fb02/studies/study-programmes/emea/application?language_sync=1,open admission,Winter Semester only,15.10.2018 - 15.02.2019,https://www.uni-marburg.de/fb02/studies/study-programmes/emea,Referat für Internationalsierung und Wissenschaftliche Kooperationen / International Office Deutschhausstrasse 11 + 13 35037 Marburg Tel.: 06421 28-26176 Fax: 06421 28-28998,kienle@uni-marburg.de,http://www.uni-marburg.de/internationales/kontaktinternational
https://www.daad.de/deutschland/studienangebote/studiengang/en/?a=detail&id=w47414&q=&degree=37&subjects%5B380%5D=1&studyareas%5B380%5D=1&studyfields%5B394%5D=1&studyfields%5B390%5D=1&courselanguage=2&locations=&universities%5B1%5D=1&admissionsemester=&sort=name&page=4,Environmental and Resource Economics,Kiel University,Kiel,English,4 semesters,Single-subject Master's course (Master of Science),,,- relevant Bachelor's degree or an equivalent degree with a minimum grade of 2.5 - further specific requirements are defined in the examination regulations/academic qualification charter - it is recommended to start the course in the winter semester.,http://www.studium.uni-kiel.de/de/studienangebot,open admission,Summer and Winter Semester,15.10.2018 - 18.02.2019,http://www.studium.uni-kiel.de/de/studienangebot/studienfaecher/environmental-and-resource-economics-ma,International Center Westring 400 24118 Kiel Tel.: 0431 880-3715 Fax: 0431 880-1666,mschmode@uv.uni-kiel.de,http://www.international.uni-kiel.de/
https://www.daad.de/deutschland/studienangebote/studiengang/en/?a=detail&id=w26396&q=&degree=37&subjects%5B380%5D=1&studyareas%5B380%5D=1&studyfields%5B394%5D=1&studyfields%5B390%5D=1&courselanguage=2&locations=&universities%5B1%5D=1&admissionsemester=&sort=name&page=4,European Economics,Eberhard Karls University Tübingen,Tübingen,English,4 semesters,Master (Master of Science),,http://www.uni-tuebingen.de/de/31479,Deviating application deadline for the first specialisation semester: already on 15.05.,https://www.uni-tuebingen.de/de/1579,selection by the HEI,Winter Semester only,15.10.2018 - 09.02.2019,http://www.uni-tuebingen.de/de/33644,Internationale Angelegenheiten Wilhelmstr. 9 72074 Tübingen Tel.: 07071 29-72938 Fax: 07071 29-5404,wolfgang.mekle@uni-tuebingen.de,http://www.uni-tuebingen.de/international/
https://www.daad.de/deutschland/studienangebote/studiengang/en/?a=detail&id=w28357&q=&degree=37&subjects%5B380%5D=1&studyareas%5B380%5D=1&studyfields%5B394%5D=1&studyfields%5B390%5D=1&courselanguage=2&locations=&universities%5B1%5D=1&admissionsemester=&sort=name&page=4,European Master in Business Studies,University of Kassel,Kassel,English,4 semesters,Master (Master of Arts),,,For detailed information see the following link 'further information'.,http://www.embs-european-master-business-studies.com/,open admission,Winter Semester only,09.04.2018 - 13.07.2018 Summer semester including lecture-free period: 01 April 2018-30.09.2018,http://www.uni-kassel.de/uni/studium/studienangebot/studiengangsseiten/weiterfuehrende-studiengaenge/em-bs.html,International Office Moritzstraße 18 34127 Kassel Tel.: 0561 804-2103 Fax: 0561 804-3513,international-office@uni-kassel.de,http://www.uni-kassel.de/uni/internationales/international-office/startseite.html
https://www.daad.de/deutschland/studienangebote/studiengang/en/?a=detail&id=w58464&q=&degree=37&subjects%5B380%5D=1&studyareas%5B380%5D=1&studyfields%5B394%5D=1&studyfields%5B390%5D=1&courselanguage=2&locations=&universities%5B1%5D=1&admissionsemester=&sort=name&page=4,Executive Master in Digital Innovation and Entrepreneurial Leadership,ESCP European School of Management in Berlin,Berlin,English,18 months,Executive Specialised Master (Executive Master in Digital Innovation and Entrepreneurial Leadership),,2890000 EUR total,,,,Winter Semester only,Individually regulated for each course of study.,http://www.escpeurope.eu/de/studienprogramme-escp-europe/executive-masters-part-time/digital-innovation-and-entrepreneurship/overview/overview-executive-master-in-digital-innovation-and-entrepreneurial-leadership-escp-europe/,,,
https://www.daad.de/deutschland/studienangebote/studiengang/en/?a=detail&id=w50327&q=&degree=37&subjects%5B380%5D=1&studyareas%5B380%5D=1&studyfields%5B394%5D=1&studyfields%5B390%5D=1&courselanguage=2&locations=&universities%5B1%5D=1&admissionsemester=&sort=name&page=4,Executive MBA in Business & IT,Munich University of Technology,München,English,4 semesters,Master of Business Administration (Master of Business Administration),,3900000 EUR total,Successful completion of an aptitude assessment,http://www.eec.wi.tum.de/executive-mbas/executive-mba-in-business-it/#tab-id-5,,Summer and Winter Semester,01.10.2018 - 31.03.2019,http://www.eec.wi.tum.de/executive-mbas/executive-mba-in-business-it/,International Center Arcisstraße 21 80333 München,internationalcenter@tum.de,http://portal.mytum.de/studium/ausland/kontakt/index_html
https://www.daad.de/deutschland/studienangebote/studiengang/en/?a=detail&id=w20886&q=&degree=37&subjects%5B380%5D=1&studyareas%5B380%5D=1&studyfields%5B394%5D=1&studyfields%5B390%5D=1&courselanguage=2&locations=&universities%5B1%5D=1&admissionsemester=&sort=name&page=4,Executive MBA Management,EBS University of Business and Law,Wiesbaden,English,24 months,M.B.A. (Master of Business Administration),,795000 EUR per semester,- undergraduate degree equivalent to a Bachelor's degree - GMAT or GRE (if requested) - IELTS TOEFL or equivalent - 5 years of professional experience - two references,https://www.ebs.edu/de/studienprogramm/executive-mba-management,,Winter Semester only,27.08.2018 - 26.08.2019 This information refers to a study year at EBS.,https://www.ebs.edu/de/studienprogramm/executive-mba-management,International Programmes Schloß Reichartshausen 65375 Oestrich-Winkel Tel.: 0611 7102 00,info@ebs.de,https://www.ebs.edu/de/international-programmes-office
https://www.daad.de/deutschland/studienangebote/studiengang/en/?a=detail&id=w17850&q=&degree=37&subjects%5B380%5D=1&studyareas%5B380%5D=1&studyfields%5B394%5D=1&studyfields%5B390%5D=1&courselanguage=2&locations=&universities%5B1%5D=1&admissionsemester=&sort=name&page=5,Financial Economics,University of Magdeburg,Magdeburg,English,4 semesters,Master (Master of Science),,,1. First academic degree (Bachelor Diploma etc.) in a relevant degree programme 2. Proof of command of English 3. Letter of motivation in English,,open admission,Winter Semester only,08.10.2018 - 25.01.2019,http://www.ovgu.de/Studieninteressierte/Studieng%C3%A4nge+von+A+bis+Z/Master/Financial+Economics.html,Akademisches Auslandsamt Universitätsplatz 2 39106 Magdeburg Tel.: 0391 67-18515 Fax: 0391 67-11132,akaa@ovgu.de,https://www.ovgu.de/International.html
https://www.daad.de/deutschland/studienangebote/studiengang/en/?a=detail&id=w33860&q=&degree=37&subjects%5B380%5D=1&studyareas%5B380%5D=1&studyfields%5B394%5D=1&studyfields%5B390%5D=1&courselanguage=2&locations=&universities%5B1%5D=1&admissionsemester=&sort=name&page=5,Global Logistics and Supply Chain Management/Business Administration,Kühne Logistics University - University for Logistics and Company Management,Hamburg,English,4 semesters,Master of Science in Global Logistics and Supply Chain Management (Master of Science),,598000 EUR per semester,Successfully completed Bachelor's degree in the field of Economic Sciences or related disciplines with economic content. Very good command of English,https://www.the-klu.org/degree-programs/choose-your-program/master-in-logistics-scm/,,Winter Semester only,01.09.2018 - 20.12.2018 Master of Science in International Maritime Law and Logistics begins in the first semester on 01.10.2018,https://www.the-klu.org/degree-programs/choose-your-program/master-in-logistics-scm/,International Office Großer Grasbrook 17 20457 Hamburg Tel.: 040 328707-142 Fax: 040 328707-109,exchange@the-klu.org,http://www.the-klu.org/international-office/
https://www.daad.de/deutschland/studienangebote/studiengang/en/?a=detail&id=w7410&q=&degree=37&subjects%5B380%5D=1&studyareas%5B380%5D=1&studyfields%5B394%5D=1&studyfields%5B390%5D=1&courselanguage=2&locations=&universities%5B1%5D=1&admissionsemester=&sort=name&page=5,Global Political Economy and Development,University of Kassel,Kassel,English,4 semesters,Master (Master of Arts),,,Bachelor's degree with a standard period of study of at least 6 semesters and a minimum grade of 2.5; practical experience in social science; language knowledge,,open admission,Winter Semester only,09.04.2018 - 13.07.2018 Summer semester including lecture-free period: 01 April 2018-30.09.2018,http://www.uni-kassel.de/uni/studium/studienangebot/studiengangsseiten/weiterfuehrende-studiengaenge/m-gpe.html,International Office Moritzstraße 18 34127 Kassel Tel.: 0561 804-2103 Fax: 0561 804-3513,international-office@uni-kassel.de,http://www.uni-kassel.de/uni/internationales/international-office/startseite.html
https://www.daad.de/deutschland/studienangebote/studiengang/en/?a=detail&id=w13094&q=&degree=37&subjects%5B380%5D=1&studyareas%5B380%5D=1&studyfields%5B394%5D=1&studyfields%5B390%5D=1&courselanguage=2&locations=&universities%5B1%5D=1&admissionsemester=&sort=name&page=5,Industrial and Network Economics (MINE),Berlin University of Technology,Berlin,English,4 semesters,Master (Master of Science),,http://www.studsek.tu-berlin.de/menue/studierendenverwaltung/semesterbeitraege/,Please follow the weblink:,http://www.tu-berlin.de/?id=115182,selection by the HEI,Winter Semester only,15.10.2018 - 16.02.2019,http://www.tu-berlin.de/?id=115182,Akademisches Auslandsamt Straße des 17. Juni 135 10623 Berlin Tel.: 030 314-24694 Fax: 030 314-24067,auslandsamt@tu-berlin.de,http://www.tu-berlin.de/menue/internationales/
https://www.daad.de/deutschland/studienangebote/studiengang/en/?a=detail&id=w28226&q=&degree=37&subjects%5B380%5D=1&studyareas%5B380%5D=1&studyfields%5B394%5D=1&studyfields%5B390%5D=1&courselanguage=2&locations=&universities%5B1%5D=1&admissionsemester=&sort=name&page=5,International Business and Economics,University of Hohenheim,Stuttgart-Hohenheim,English,4 semesters,Master's degree (Master of Science),,,APPLICATION: Application deadline: 15.06. winter semester; 50 places. The final certificate of the first degree must be submitted by 31.12. SELECTION CRITERIA: *Grade of the degree *Subject-specific performance *Other aptitude for the subject *Grade in higher education entrance qualification *Practical activities *Motivation report. See the admission regulations for additional information.,https://www.uni-hohenheim.de/ibe-bewerben,selection by the HEI,Winter Semester only,15.10.2018 - 02.02.2019 Non-lecture days: Tue 31.10.2017 (Reformation Day across Germany) Wed 01.11.2017 (All Saints' Day) Sun 24.12.2017 to Sat 06.01.2018 (Christmas holidays),https://www.uni-hohenheim.de/ibe-msc,Akademisches Auslandsamt Schloss Hohenheim Kolleggangflügel 70599 Stuttgart Tel.: 0711 459-22019 Fax: 0711 459-23723,aaa@uni-hohenheim.de,https://www.uni-hohenheim.de/organisation/einrichtung/akademisches-auslandsamt-aa
https://www.daad.de/deutschland/studienangebote/studiengang/en/?a=detail&id=w16664&q=&degree=37&subjects%5B380%5D=1&studyareas%5B380%5D=1&studyfields%5B394%5D=1&studyfields%5B390%5D=1&courselanguage=2&locations=&universities%5B1%5D=1&admissionsemester=&sort=name&page=5,International Economics,Eberhard Karls University Tübingen,Tübingen,English,4 semesters,Master (Master of Science),,http://www.uni-tuebingen.de/de/31479,Deviating application deadline for the first specialisation semester: already on 15.05.,https://www.uni-tuebingen.de/de/1579,selection by the HEI,Winter Semester only,15.10.2018 - 09.02.2019,http://www.uni-tuebingen.de/de/30135,Internationale Angelegenheiten Wilhelmstr. 9 72074 Tübingen Tel.: 07071 29-72938 Fax: 07071 29-5404,wolfgang.mekle@uni-tuebingen.de,http://www.uni-tuebingen.de/international/
https://www.daad.de/deutschland/studienangebote/studiengang/en/?a=detail&id=w42480&q=&degree=37&subjects%5B380%5D=1&studyareas%5B380%5D=1&studyfields%5B394%5D=1&studyfields%5B390%5D=1&courselanguage=2&locations=&universities%5B1%5D=1&admissionsemester=&sort=name&page=5,International Economics & Public Policy,University of Trier,Trier,English,4 semesters,Master's (single-subject) (Master of Arts),,28105 EUR per semester,Section 2 of the General Examination Regulation; BA in Politics and Economics with a minimum grade of 2.7,,open admission,Summer and Winter Semester,22.10.2018 - 09.02.2019,https://www.uni-trier.de/index.php?id=52300&L=2,Akademisches Auslandsamt Universitätsring 15 54296 Trier Tel.: 0651 201-2806 Fax: 0651 201-3914,aaa@uni-trier.de,http://www.international.uni-trier.de
https://www.daad.de/deutschland/studienangebote/studiengang/en/?a=detail&id=w23739&q=&degree=37&subjects%5B380%5D=1&studyareas%5B380%5D=1&studyfields%5B394%5D=1&studyfields%5B390%5D=1&courselanguage=2&locations=&universities%5B1%5D=1&admissionsemester=&sort=name&page=5,International Economics and Economic Policy,Frankfurt University,Frankfurt am Main,English,4 semesters,Master of Science (Master of Science),,,,,selection by the HEI,Winter Semester only,15.10.2018 - 15.02.2019,http://www.uni-frankfurt.de/35791832?,International Office Grüneburgplatz 1 60323 Frankfurt Tel.: 069 798-3838,international@uni-frankfurt.de,http://www2.uni-frankfurt.de/io
https://www.daad.de/deutschland/studienangebote/studiengang/en/?a=detail&id=w31566&q=&degree=37&subjects%5B380%5D=1&studyareas%5B380%5D=1&studyfields%5B394%5D=1&studyfields%5B390%5D=1&courselanguage=2&locations=&universities%5B1%5D=1&admissionsemester=&sort=name&page=5,International Economics and Public Policy,Mainz University,Mainz,English,4 semesters,Master (Master of Science),,,1. Proof of a Bachelor's degree in the subject of economics with a standard period of study of at least six semesters or an equivalent degree in a related subject from a university in Germany or abroad. 2. Proof of English language requirements. This can be provided by presenting a certificate demonstrating the completion of a Test of English as a Foreign Language (TOEFL) which was taken no longer than three years before the deadline for application with a score of at least 227 (computer-based test CBT) 87 (internet-based test IBT) 567 (paper-based test PBT) or alternatively the IELTS (which may also not have been taken more than three years before application) with a score of at least 5 or alternatively a certificate demonstrating the completion of the Cambridge First Certificate (FCE) which was taken no longer than three years before the deadline for application. If one of the above-mentioned certificates demonstrating completion of a language test is not available at the time of application admission may be granted on condition that the certificate together with the test result are submitted by the end of the first semester of studies at the latest. If the proof is not submitted within the deadline or if the test results do not meet the requirements according to No. 2 section 2 admission will be refused. If the degree under No. 2 (or a degree proven to be of higher value) was conducted in English or if the applicant is a native speaker of English this also qualifies as sufficient proof of English proficiency. Proof of native speaker level proficiency must be provided to the Foreign Languages Centre of the JGU by the end of the first semester of studies at the latest. If the proof is not submitted within the deadline then admission will be refused. Examination regulations for the Master's in International Economics and Public Policy 4 (3) In addition a letter of motivation written in English (max. one page) and a CV written in English in tabular form (max. two pages) should be submitted with the application. (4) A further requirement for admission to the Master's in International Economics and Public Policy is that the applicant still has the examination entitlement for this degree course. An appropriate declaration must be presented in accordance with § 10 paragraph 2 section 1 No. 1 and 2; § 10 paragraph 3 section 1 No. 4 and 5 respectively are applicable. (5) If the number of applications that fulfil the admission requirements in paragraph 2 to 3 exceeds the number of study places a special selection procedure will take place. The selection procedure is regulated by the university selection rules of the Johannes Gutenberg University. (6) If proof of having achieved a Bachelor's degree as per paragraph 2 number 1 is not available by the end of the application period the applicant may submit proof of completed exams and academic achievements amounting to at least 135 credit points issued by the responsible institution of higher education or on the basis of preliminary certificate of recognition of the JGU for foreign degrees. If the course is subject to admission restrictions the provisions of the current version of the university selection rules and the regulations for foreign students must be observed; in this case the final result of the Bachelor's degree will not be considered for the selection procedure. If an applicant is selected based on the certification listed in section 1 admission is granted on condition that the degree certificate is presented within the period stated in the letter of acceptance.  If the certification is not presented by the deadline the admission will be cancelled. (7) Command of German is not required for the Master's in International Economics and Public Policy.,http://www.studium.uni-mainz.de/master-iepp/,selection by the HEI,Summer and Winter Semester,15.10.2018 - 16.02.2019,http://www.master.economics.uni-mainz.de,Abteilung Internationales Forum universitatis 2 55122 Mainz Tel.: 06131 39-22281 Fax: 06131 39-25548,international@international.uni-mainz.de,https://www.international.uni-mainz.de
https://www.daad.de/deutschland/studienangebote/studiengang/en/?a=detail&id=w51104&q=&degree=37&subjects%5B380%5D=1&studyareas%5B380%5D=1&studyfields%5B394%5D=1&studyfields%5B390%5D=1&courselanguage=2&locations=&universities%5B1%5D=1&admissionsemester=&sort=name&page=5,International Management (CEMS MIM),University of Cologne,Köln,English,2 years,Master of Science (Master of Science),,http://verwaltung.uni-koeln.de/studsek/content/studium/rueckmeldung_amp_semesterbeitrag/zahlungsdaten_bankverbindung/,Bachelor's degree or equivalent subject-specific criteria language proficiency (English + 2nd foreign language)\; Selection criteria: Bachelor's degree grade GMAT (or equivalent) selection interview\; Application deadline: 15th May Further information on admission requirements: http:// www.wiso.uni-koeln.de/international-management.html,http://www.wiso.uni-koeln.de/de/studium/studieninteressierte/master/international-management-cems-mim/,selection by the HEI,Winter Semester only,08.10.2018 - 01.02.2019 Semester period: 01.10.2017 - 31.03.2018,https://www.wiso.uni-koeln.de/de/studium/master/international-management-cems-mim/,Dezernat 9 Internationales Universitätsstr. 22a 50937 Köln,zulassung@verw.uni-koeln.de,http://international.uni-koeln.de/
https://www.daad.de/deutschland/studienangebote/studiengang/en/?a=detail&id=w53969&q=&degree=37&subjects%5B380%5D=1&studyareas%5B380%5D=1&studyfields%5B394%5D=1&studyfields%5B390%5D=1&courselanguage=2&locations=&universities%5B1%5D=1&admissionsemester=&sort=name&page=6,International Political Economy,University of Marburg,Marburg,English,4 semesters,Master of Science (Master of Science (Double Degree)),,,Aptitude assessment procedure,http://www.uni-marburg.de/studium/studienangebot/master/m-ipe,open admission,Winter Semester only,15.10.2018 - 15.02.2019,http://www.uni-marburg.de/fb02/studies/study-programmes/msc-political-economy,Referat für Internationalsierung und Wissenschaftliche Kooperationen / International Office Deutschhausstrasse 11 + 13 35037 Marburg Tel.: 06421 28-26176 Fax: 06421 28-28998,kienle@uni-marburg.de,http://www.uni-marburg.de/internationales/kontaktinternational
https://www.daad.de/deutschland/studienangebote/studiengang/en/?a=detail&id=w5756&q=&degree=37&subjects%5B380%5D=1&studyareas%5B380%5D=1&studyfields%5B394%5D=1&studyfields%5B390%5D=1&courselanguage=2&locations=&universities%5B1%5D=1&admissionsemester=&sort=name&page=6,Law and Economics,University of Hamburg,Hamburg,English,3 trimester,Master (European Master in Law and Economics),,,For details see,http://www.uni-hamburg.de/campuscenter/studienangebot/studiengang.html?1115115832,selection by the HEI,Winter Semester only,15.10.2018 - 02.02.2019,http://www.uni-hamburg.de/campuscenter/studienangebot/studiengang.html?1115115832,Abteilung Internationales Mittelweg 177 20148 Hamburg Tel.: 040 42838-7282 Fax: 040 42838-7028,international.office@verw.uni-hamburg.de,http://www.uni-hamburg.de/internationales.html
https://www.daad.de/deutschland/studienangebote/studiengang/en/?a=detail&id=w49184&q=&degree=37&subjects%5B380%5D=1&studyareas%5B380%5D=1&studyfields%5B394%5D=1&studyfields%5B390%5D=1&courselanguage=2&locations=&universities%5B1%5D=1&admissionsemester=&sort=name&page=6,Leadership and Change,Steinbeis University Berlin,Berlin,English,24 months,Master of Arts (Master of Arts),,http://www.steinbeis-iec.de/,Enquire at the relevant institute,http://www.steinbeis-iec.de/,open admission,Summer and Winter Semester,depending upon course of study - Enquire at SHB,http://www.steinbeis-iec.de/de/studium/leadership-and-change-management/,,,
https://www.daad.de/deutschland/studienangebote/studiengang/en/?a=detail&id=w42197&q=&degree=37&subjects%5B380%5D=1&studyareas%5B380%5D=1&studyfields%5B394%5D=1&studyfields%5B390%5D=1&courselanguage=2&locations=&universities%5B1%5D=1&admissionsemester=&sort=name&page=6,Life Science Economics and Policy,Munich University of Technology,Weihenstephan,English,4 semesters,Master of Science (Master of Science),,Please note the exceptions!,Passing the aptitude test,http://www.mlsep.wzw.tum.de/index.php?id=15,,Winter Semester only,01.10.2018 - 31.03.2019,http://www.mlsep.wzw.tum.de,International Center Arcisstraße 21 80333 München,internationalcenter@tum.de,http://portal.mytum.de/studium/ausland/kontakt/index_html
https://www.daad.de/deutschland/studienangebote/studiengang/en/?a=detail&id=w40127&q=&degree=37&subjects%5B380%5D=1&studyareas%5B380%5D=1&studyfields%5B394%5D=1&studyfields%5B390%5D=1&courselanguage=2&locations=&universities%5B1%5D=1&admissionsemester=&sort=name&page=6,Management,Frankfurt School of Finance & Management,Frankfurt am Main,English,4 semesters,Master of Science (Master of Science),,3250000 EUR total,First university degree (Bachelor's or equivalent) Excellent written and spoken English skills (TOEFL min. 90 iBT or equivalent) GMAT score report (preferred) GRE or Frankfurt School Admission Test Successful participation in our admission interview,http://www.frankfurt-school.de/content/en/education_programmes/master/mim/Master-in-Management/factsheet_clm.html,open admission,Summer and Winter Semester,31.08.2017 - 12.01.2018 Course only starts in winter semester,http://www.frankfurt-school.de/home/programmes/master/management.html,International Office Adickesallee 32-34 60322 Frankfurt Tel.: 069 154008-160 Fax: 069 154008-4160,e.sommerfeld@fs.de,http://www.frankfurt-school.de/content/en/who_we_are/international_office.html
https://www.daad.de/deutschland/studienangebote/studiengang/en/?a=detail&id=w16662&q=&degree=37&subjects%5B380%5D=1&studyareas%5B380%5D=1&studyfields%5B394%5D=1&studyfields%5B390%5D=1&courselanguage=2&locations=&universities%5B1%5D=1&admissionsemester=&sort=name&page=6,Management and Economics,Eberhard Karls University Tübingen,Tübingen,English,3 semesters,Master (Master of Science),,http://www.uni-tuebingen.de/de/31479,Deviating application deadline for the first specialisation semester: already on 15.05.,https://www.uni-tuebingen.de/de/1579,selection by the HEI,Winter Semester only,15.10.2018 - 09.02.2019,http://www.uni-tuebingen.de/de/30170,Internationale Angelegenheiten Wilhelmstr. 9 72074 Tübingen Tel.: 07071 29-72938 Fax: 07071 29-5404,wolfgang.mekle@uni-tuebingen.de,http://www.uni-tuebingen.de/international/
https://www.daad.de/deutschland/studienangebote/studiengang/en/?a=detail&id=w33864&q=&degree=37&subjects%5B380%5D=1&studyareas%5B380%5D=1&studyfields%5B394%5D=1&studyfields%5B390%5D=1&courselanguage=2&locations=&universities%5B1%5D=1&admissionsemester=&sort=name&page=6,Management/business administration,Kühne Logistics University - University for Logistics and Company Management,Hamburg,English,4 semesters,Master of Science in Management (Master of Science),,598000 EUR per semester,Successfully completed Bachelor's degree in the field of Economic Sciences or related disciplines with economic content. Very good command of English,https://www.the-klu.org/degree-programs/choose-your-program/master-in-management/,,Winter Semester only,01.09.2018 - 20.12.2018 Master of Science in International Maritime Law and Logistics begins in the first semester on 01.10.2018,https://www.the-klu.org/degree-programs/choose-your-program/master-in-management/,International Office Großer Grasbrook 17 20457 Hamburg Tel.: 040 328707-142 Fax: 040 328707-109,exchange@the-klu.org,http://www.the-klu.org/international-office/
https://www.daad.de/deutschland/studienangebote/studiengang/en/?a=detail&id=w32788&q=&degree=37&subjects%5B380%5D=1&studyareas%5B380%5D=1&studyfields%5B394%5D=1&studyfields%5B390%5D=1&courselanguage=2&locations=&universities%5B1%5D=1&admissionsemester=&sort=name&page=6,Master in Automotive Management,EBS University of Business and Law,Wiesbaden,English,3 semesters,Master of Science (Master of Science),,795000 EUR per semester,- Proof of a Bachelor's degree or a degree recognised as equivalent with at least 180 ECTS - Work placement or professional experience of at least 10 weeks - Proof of very good command of English (TOEFL IELTS or comparable test) - Valid GMAT GRE or EBScore - Passing the oral selection procedure (PMA - Personal Master's Assessment),https://www.ebs.edu/de/studienprogramm/master-in-automotive-management,,Winter Semester only,27.08.2018 - 26.08.2019 This information refers to a study year at EBS.,https://www.ebs.edu/en/study-course/master-in-automotive-management-msc-full-time,International Programmes Schloß Reichartshausen 65375 Oestrich-Winkel Tel.: 0611 7102 00,info@ebs.de,https://www.ebs.edu/de/international-programmes-office
https://www.daad.de/deutschland/studienangebote/studiengang/en/?a=detail&id=w20892&q=&degree=37&subjects%5B380%5D=1&studyareas%5B380%5D=1&studyfields%5B394%5D=1&studyfields%5B390%5D=1&courselanguage=2&locations=&universities%5B1%5D=1&admissionsemester=&sort=name&page=6,Master in Finance,EBS University of Business and Law,Wiesbaden,English,3 semesters,Master of Science (Master of Science),,795000 EUR per semester,- Proof of a Bachelor's degree or a degree recognised as equivalent with at least 180 ECTS - Work placement or professional experience of at least 10 weeks - Proof of very good command of English (TOEFL IELTS or comparable test) - Valid GMAT GRE or EBScore - Passing the oral selection procedure (PMA - Personal Master's Assessment),https://www.ebs.edu/de/studienprogramm/master-in-finance,,Winter Semester only,27.08.2018 - 26.08.2019 This information refers to a study year at EBS.,https://www.ebs.edu/de/studienprogramm/master-in-finance,International Programmes Schloß Reichartshausen 65375 Oestrich-Winkel Tel.: 0611 7102 00,info@ebs.de,https://www.ebs.edu/de/international-programmes-office
https://www.daad.de/deutschland/studienangebote/studiengang/en/?a=detail&id=w20878&q=&degree=37&subjects%5B380%5D=1&studyareas%5B380%5D=1&studyfields%5B394%5D=1&studyfields%5B390%5D=1&courselanguage=2&locations=&universities%5B1%5D=1&admissionsemester=&sort=name&page=6,Master in Management,EBS University of Business and Law,Wiesbaden,English,3 semesters,Master of Science (Master of Science),,795000 EUR per semester,- Proof of a Bachelor's degree or a degree recognised as equivalent with at least 180 ECTS - Work placement or professional experience of at least 10 weeks - Proof of very good command of English (TOEFL IELTS or comparable test) - Valid GMAT GRE or EBScore - Passing the oral selection procedure (PMA - Personal Master's Assessment),https://www.ebs.edu/de/studienprogramm/master-in-management,,Winter Semester only,27.08.2018 - 26.08.2019 This information refers to a study year at EBS.,https://www.ebs.edu/de/studienprogramm/master-in-management,International Programmes Schloß Reichartshausen 65375 Oestrich-Winkel Tel.: 0611 7102 00,info@ebs.de,https://www.ebs.edu/de/international-programmes-office
https://www.daad.de/deutschland/studienangebote/studiengang/en/?a=detail&id=w43056&q=&degree=37&subjects%5B380%5D=1&studyareas%5B380%5D=1&studyfields%5B394%5D=1&studyfields%5B390%5D=1&courselanguage=2&locations=&universities%5B1%5D=1&admissionsemester=&sort=name&page=7,Master in Management,ESMT European School of Management and Technology,Berlin,English,4 semesters,Master of Science (Master of Science),,2500000 EUR total,A first professionally qualifying university degree is required as well as analytical skills for quantitative specialisations. A very good GMAT (or GRE) result as well as proof of command of English (TOEFL or a comparable test). No more than 18 months of professional experience.,http://www.esmt.org/degree-programs/masters-management/masters-management-admissions,open admission,Winter Semester only,Enquire at the university,http://www.esmt.org/mim,,,
https://www.daad.de/deutschland/studienangebote/studiengang/en/?a=detail&id=w20893&q=&degree=37&subjects%5B380%5D=1&studyareas%5B380%5D=1&studyfields%5B394%5D=1&studyfields%5B390%5D=1&courselanguage=2&locations=&universities%5B1%5D=1&admissionsemester=&sort=name&page=7,Master in Real Estate,EBS University of Business and Law,Wiesbaden,English,3 semesters,Master of Science (Master of Science),,795000 EUR per semester,- Proof of a Bachelor's degree or a degree recognised as equivalent with at least 180 ECTS - Work placement or professional experience of at least 10 weeks - Proof of very good command of English (TOEFL IELTS or comparable test) - Valid GMAT GRE or EBScore - Passing the oral selection procedure (PMA - Personal Master's Assessment),https://www.ebs.edu/de/studienprogramm/master-in-real-estate,,Winter Semester only,27.08.2018 - 26.08.2019 This information refers to a study year at EBS.,https://www.ebs.edu/de/studienprogramm/master-in-real-estate,International Programmes Schloß Reichartshausen 65375 Oestrich-Winkel Tel.: 0611 7102 00,info@ebs.de,https://www.ebs.edu/de/international-programmes-office
https://www.daad.de/deutschland/studienangebote/studiengang/en/?a=detail&id=w58463&q=&degree=37&subjects%5B380%5D=1&studyareas%5B380%5D=1&studyfields%5B394%5D=1&studyfields%5B390%5D=1&courselanguage=2&locations=&universities%5B1%5D=1&admissionsemester=&sort=name&page=7,MBA in International Management,ESCP European School of Management in Berlin,Berlin,English,1 year,Master of Business Administration (MBA) (Master of Business Administration),,3200000 EUR total,,,,Winter Semester only,Individually regulated for each course of study.,http://www.escpeurope.eu/de/studienprogramme-escp-europe/mba-in-international-management-escp-europe/mba-in-international-management/overview/overview-mba-in-international-management-escp-europe-business-school/,,,
https://www.daad.de/deutschland/studienangebote/studiengang/en/?a=detail&id=w35489&q=&degree=37&subjects%5B380%5D=1&studyareas%5B380%5D=1&studyfields%5B394%5D=1&studyfields%5B390%5D=1&courselanguage=2&locations=&universities%5B1%5D=1&admissionsemester=&sort=name&page=7,Modern East Asian Studies,University of Duisburg-Essen,Duisburg,English,2 semesters,Master of Arts (Master of Arts),,https://www.uni-due.de/studierendensekretariat/sozial_studierendenschaftsbeitrag.shtml,Regional Studies BA or BA in Economics or Social Science with good command of an East-Asian language (Chinese Japanese Korean) with an overall grade of at least 2.5; command of English at level C1 in accordance with the CEFR European Reference Framework; aptitude assessment test (internal application procedure) deadline for EU citizens is 15.09. for non-EU citizens 15.07. Aptitude test required - earlier application deadlines may be specified! Information and deadlines are provided by the responsible faculty,https://www.uni-due.de/verwaltung/satzungen_ordnungen/pruefungsordnungen.php,open admission,Winter Semester only,09.10.2017 - 02.02.2018 The dates are inclusive of the first and last day specified.,https://www.uni-due.de/in-east/study_programs/ma_meas/,Akademisches Auslandsamt / Campus Essen Universitätsstrasse 2 45141 Essen Tel.: 0201 183-4128 Fax: 0201 183-2257,essen-io@uni-due.de,http://www.uni-due.de/international/
https://www.daad.de/deutschland/studienangebote/studiengang/en/?a=detail&id=w23736&q=&degree=37&subjects%5B380%5D=1&studyareas%5B380%5D=1&studyfields%5B394%5D=1&studyfields%5B390%5D=1&courselanguage=2&locations=&universities%5B1%5D=1&admissionsemester=&sort=name&page=7,Money and Finance,Frankfurt University,Frankfurt am Main,English,4 semesters,Master of Science (Master of Science),,,Bachelor's degree in economics or a related discipline. Please ask the university directly for other requirements.,,selection by the HEI,Winter Semester only,15.10.2018 - 15.02.2019,http://www.uni-frankfurt.de/35791834?,International Office Grüneburgplatz 1 60323 Frankfurt Tel.: 069 798-3838,international@uni-frankfurt.de,http://www2.uni-frankfurt.de/io
https://www.daad.de/deutschland/studienangebote/studiengang/en/?a=detail&id=w8589&q=&degree=37&subjects%5B380%5D=1&studyareas%5B380%5D=1&studyfields%5B394%5D=1&studyfields%5B390%5D=1&courselanguage=2&locations=&universities%5B1%5D=1&admissionsemester=&sort=name&page=7,National/political economics,Humboldt University Berlin,Berlin,English,4 semesters,Master's (Master of Science),,,Degree in economics or in a related subject; specialised competence in a field of economics equivalent to at least 60 ECTS credits; special knowledge in empirical methods equivalent to 24 ECTS; special language proficiency: command of English at a level comparable to minimum level C1; special language proficiency: command of German at least at level B1.,,selection by the HEI,Winter Semester only,15.10.2018 - 16.02.2019,http://www.wiwi.hu-berlin.de/administration/bereich/sb/studium/Master%20VWL.html,International Office/Internationales Büro Unter den Linden 6 10099 Berlin Tel.: 030 2093-2565 Fax: 030 2093-2780,aia.leitung@uv.hu-berlin.de,http://www.international.hu-berlin.de/homepage
https://www.daad.de/deutschland/studienangebote/studiengang/en/?a=detail&id=w58173&q=&degree=37&subjects%5B380%5D=1&studyareas%5B380%5D=1&studyfields%5B394%5D=1&studyfields%5B390%5D=1&courselanguage=2&locations=&universities%5B1%5D=1&admissionsemester=&sort=name&page=7,Operations Research and Business Analytics,University of Magdeburg,Magdeburg,English,4 semesters,Master (Master of Science),,,1. First academic degree (Bachelor Diploma etc.) in a relevant degree programme 2. Proof of English language proficiency 3. Letter of motivation in English,,selection by the HEI,Summer and Winter Semester,08.10.2018 - 25.01.2019,http://www.ovgu.de/Studieninteressierte/Studieng%C3%A4nge+von+A+bis+Z/Master/Operations+Research+and+Business+Analytics.html,Akademisches Auslandsamt Universitätsplatz 2 39106 Magdeburg Tel.: 0391 67-18515 Fax: 0391 67-11132,akaa@ovgu.de,https://www.ovgu.de/International.html
https://www.daad.de/deutschland/studienangebote/studiengang/en/?a=detail&id=w44732&q=&degree=37&subjects%5B380%5D=1&studyareas%5B380%5D=1&studyfields%5B394%5D=1&studyfields%5B390%5D=1&courselanguage=2&locations=&universities%5B1%5D=1&admissionsemester=&sort=name&page=7,Philosophy Politics and Economics (PPE),Private University Witten/Herdecke gGmbH,Witten,English,4 semesters,Master of Arts (Master of Arts),,https://www.uni-wh.de/studium/beitraege-und-finanzierung/,A general higher education entrance qualification or an equivalent qualification and proof of a professionally qualifying degree (Bachelor's Diplom State Examination or equivalent) must be provided for the degree course.,http://www.uni-wh.de/en/economics/philosophy-politics-and-economics-ma/apply-now/,,Winter Semester only,01.04.2018 - 30.09.2018 For information on semester and lecture periods visit: https://www.uni-wh.de/fileadmin/user_upload/02_Studium/00_Allgemein/UWH_Semesterzeiten.pdf,http://www.uni-wh.de/wirtschaft/ppe-philosophy-politics-and-economics-ma/,International Office Alfred-Herrhausen-Straße 50 58448 Witten Tel.: 02302 926-520 Fax: 02302 926-587,international-incoming@uni-wh.de,https://www.uni-wh.de/en/uwh-international/start/
https://www.daad.de/deutschland/studienangebote/studiengang/en/?a=detail&id=w22524&q=&degree=37&subjects%5B380%5D=1&studyareas%5B380%5D=1&studyfields%5B394%5D=1&studyfields%5B390%5D=1&courselanguage=2&locations=&universities%5B1%5D=1&admissionsemester=&sort=name&page=7,Political Economics/Economics,University of Münster,Münster,English,4 semesters,Master (Master of Science),,,,,selection by the HEI,Summer and Winter Semester,01.10.2018 - 25.01.2019,http://www.uni-muenster.de/ZSB/studienfuehrer/zeigefach.php?nr=1150,International Office Schlossplatz 3 48149 Münster Tel.: 0251 83-22215 Fax: 0251 83-22226,international.office@uni-muenster.de,http://www.uni-muenster.de/Auslandsamt/
https://www.daad.de/deutschland/studienangebote/studiengang/en/?a=detail&id=w42187&q=&degree=37&subjects%5B380%5D=1&studyareas%5B380%5D=1&studyfields%5B394%5D=1&studyfields%5B390%5D=1&courselanguage=2&locations=&universities%5B1%5D=1&admissionsemester=&sort=name&page=7,Political Economy,University of Konstanz,Konstanz,English,4 semesters,Master (Master of Science),,http://uni.kn/studiengebuehren,You will need an above-average Bachelor's degree in business administration/economics or political science proof of credits in mathematics statistics economics or political science English language skills (demonstrated by a language test such as Cambridge Certificate of Proficiency in English IELTS or TOEFL) a CV with a letter of motivation and two letters of recommendation from university professors. We will gladly receive your application even if you have not yet obtained your Bachelor's certificate. Please see our website for all the admission requirements.,https://www.wiwi.uni-konstanz.de/en/study/master-of-science/political-economy/how-to-apply/,selection by the HEI,Winter Semester only,22.10.2018 - 16.02.2019,https://www.uni-konstanz.de/en/study/before-you-study/study-programmes/masters-degree/political-economy-msc/,International Office Universitätsstraße 10 78457 Konstanz Tel.: 07531 88-3089 Fax: 07531 88-3037,international@uni-konstanz.de,http://www.uni-konstanz.de/international/
https://www.daad.de/deutschland/studienangebote/studiengang/en/?a=detail&id=w52570&q=&degree=37&subjects%5B380%5D=1&studyareas%5B380%5D=1&studyfields%5B394%5D=1&studyfields%5B390%5D=1&courselanguage=2&locations=&universities%5B1%5D=1&admissionsemester=&sort=name&page=8,Political Sciences,University of Cologne,Köln,English,4 semesters,Double Master's degree (Master of Arts),,http://verwaltung.uni-koeln.de/studsek/content/studium/rueckmeldung_amp_semesterbeitrag/zahlungsdaten_bankverbindung/,An excellent Bachelor's degree in Social Sciences or the Humanities with strong proficiency in Political and Social Sciences; Outstanding academic achievements; Excellent English language skills; Very good intercultural and social skills and relevant practical experience,http://www.wiso.uni-koeln.de/de/international/double-masters-programmes/political-science/,selection by the HEI,Winter Semester only,08.10.2018 - 01.02.2019 Semester period: 01.10.2017 - 31.03.2018,https://verwaltung.uni-koeln.de/abteilung21/content/studienangebot/faecheruebersicht_master/p/studiengang110432/index_ger.html,Dezernat 9 Internationales Universitätsstr. 22a 50937 Köln,zulassung@verw.uni-koeln.de,http://international.uni-koeln.de/
https://www.daad.de/deutschland/studienangebote/studiengang/en/?a=detail&id=w28706&q=&degree=37&subjects%5B380%5D=1&studyareas%5B380%5D=1&studyfields%5B394%5D=1&studyfields%5B390%5D=1&courselanguage=2&locations=&universities%5B1%5D=1&admissionsemester=&sort=name&page=8,Politics Economics Philosophy,University of Hamburg,Hamburg,English,4 semesters,Master of Science (Master of Science),,,Note different application deadlines!! Application deadline for the winter semester: 15 February to 31 March every year Application period: 15.02. - 31.03.! Note different application deadlines!! Application deadline for the winter semester: 15 February to 31 March every year First degree qualifying you to enter a profession; For details see,http://www.uni-hamburg.de/campuscenter/studienangebot/studiengang.html?1242230515,selection by the HEI,Winter Semester only,15.10.2018 - 02.02.2019,http://www.uni-hamburg.de/campuscenter/studienangebot/studiengang.html?1242230515,Abteilung Internationales Mittelweg 177 20148 Hamburg Tel.: 040 42838-7282 Fax: 040 42838-7028,international.office@verw.uni-hamburg.de,http://www.uni-hamburg.de/internationales.html
https://www.daad.de/deutschland/studienangebote/studiengang/en/?a=detail&id=w7309&q=&degree=37&subjects%5B380%5D=1&studyareas%5B380%5D=1&studyfields%5B394%5D=1&studyfields%5B390%5D=1&courselanguage=2&locations=&universities%5B1%5D=1&admissionsemester=&sort=name&page=8,Public Policy (Political Science),University of Erfurt,Erfurt,English,4 semesters,Master of Public Policy (Master of Public Policy),,150000 EUR per semester,General or subject-restricted higher education entrance qualification or an equivalent international qualification for admission to higher education; Completed degree comprising at least 6 semesters or achievement of the required aptitude professionally or in some other way; Above-average achievements in the degree and/or profession; Analytical skills and pronounced interest in political issues and a management role in addition to practical experience in a related professional field; At least 1 year of professional employment in a relevant field of Public Policy Very good command of written and spoken English The prerequisites for applying to the Master of Public Policy programme are higher education entrance qualification (i.e. high school diploma Abitur) college or university degree (Bachelor Master Diplom Staatsexamen [state examination] etc.) with a minimum duration of 6 semesters above-average grades or professional performance analytical talent and pronounced interest in political problems very good English language proficiency (TOEFL: Paper test: 577 or above computer test: 233 or above Internet test: 90 or above; IELTS: 6.5 or above; Cambridge Certificate of Proficiency in English: A or B),http://www.brandtschool.de/admission/admission-requirements.html,open admission,Winter Semester only,15.10.2018 - 09.02.2019,https://www.uni-erfurt.de/studium/studienangebot/master/public-policy/,Internationales Büro Nordhäuser Straße 63 99089 Erfurt Tel.: 0361 737-5030 Fax: 0361 737-5039,international@uni-erfurt.de,http://www.uni-erfurt.de/
https://www.daad.de/deutschland/studienangebote/studiengang/en/?a=detail&id=w22808&q=&degree=37&subjects%5B380%5D=1&studyareas%5B380%5D=1&studyfields%5B394%5D=1&studyfields%5B390%5D=1&courselanguage=2&locations=&universities%5B1%5D=1&admissionsemester=&sort=name&page=8,Quantitative Economics,Kiel University,Kiel,English,4 semesters,Single-subject Master's course (Master of Science),,,- Relevant Bachelor's degree or a comparable degree with a minimum grade of 2.5 or ECTS grade 'C' - Further specific requirements are defined in the examination regulations/academic qualification articles - Course commencement in the winter semester is recommended.,http://www.studium.uni-kiel.de/de/studienangebot,open admission,Summer and Winter Semester,15.10.2018 - 18.02.2019,http://www.studium.uni-kiel.de/de/studienangebot/studienfaecher/quantitative-economics-ma,International Center Westring 400 24118 Kiel Tel.: 0431 880-3715 Fax: 0431 880-1666,mschmode@uv.uni-kiel.de,http://www.international.uni-kiel.de/
https://www.daad.de/deutschland/studienangebote/studiengang/en/?a=detail&id=w59078&q=&degree=37&subjects%5B380%5D=1&studyareas%5B380%5D=1&studyfields%5B394%5D=1&studyfields%5B390%5D=1&courselanguage=2&locations=&universities%5B1%5D=1&admissionsemester=&sort=name&page=8,Quantitative Economics,Ludwig Maximilians University Munich,München,English,4 semesters,Master of Science (Master of Science),,http://www.uni-muenchen.de/studium/administratives/abc_auswahl/gebuehr/index.html,,,,Winter Semester only,09.04.2018 - 14.07.2018,http://www.en.econ.uni-muenchen.de/studies/degree_programs/major/mqe/index.html,Internationale Angelegenheiten (Referat III.3) Geschwister-Scholl Platz 1 80539 München Tel.: 089 2180-2823 Fax: 089 2180-3136,international@lmu.de,http://www.uni-muenchen.de/international
https://www.daad.de/deutschland/studienangebote/studiengang/en/?a=detail&id=w9559&q=&degree=37&subjects%5B380%5D=1&studyareas%5B380%5D=1&studyfields%5B394%5D=1&studyfields%5B390%5D=1&courselanguage=2&locations=&universities%5B1%5D=1&admissionsemester=&sort=name&page=8,Quantitative Economics Quantitative Finance Quantitative Management Quantitative Marketing Law and Quantitative Economics,Frankfurt University,Frankfurt am Main,English,4 semesters,Master of Science (Master of Science),,,Bachelor's degree in economics or a related discipline. Please ask the university directly for other requirements.,,selection by the HEI,Winter Semester only,15.10.2018 - 15.02.2019,http://www.uni-frankfurt.de/35791699?,International Office Grüneburgplatz 1 60323 Frankfurt Tel.: 069 798-3838,international@uni-frankfurt.de,http://www2.uni-frankfurt.de/io
https://www.daad.de/deutschland/studienangebote/studiengang/en/?a=detail&id=w22476&q=&degree=37&subjects%5B380%5D=1&studyareas%5B380%5D=1&studyfields%5B394%5D=1&studyfields%5B390%5D=1&courselanguage=2&locations=&universities%5B1%5D=1&admissionsemester=&sort=name&page=8,Renewable Energy Engineering and Management,University of Freiburg,Freiburg,English,4 semesters,Master of Science (Master of Science),,,Admission requirement and selection criteria according to selection statutes: Application deadline: 15 May Bachelor of Science Diplom in Natural Engineering or Applied Environmental Science,http://www.studium.uni-freiburg.de/de/studienangebot/studienfaecher/info/412,selection by the HEI,Winter Semester only,15.10.2018 - 09.02.2019,https://rem.zee-uni-freiburg.de/mission/,International Office/Büro für Internationale Beziehungen Fahnenbergplatz 79085 Freiburg Tel.: 0761 203-4375 Fax: 0761 203-4377,katharina.aly@io.uni-freiburg.de,http://www.io.uni-freiburg.de
https://www.daad.de/deutschland/studienangebote/studiengang/en/?a=detail&id=w42184&q=&degree=37&subjects%5B380%5D=1&studyareas%5B380%5D=1&studyfields%5B394%5D=1&studyfields%5B390%5D=1&courselanguage=2&locations=&universities%5B1%5D=1&admissionsemester=&sort=name&page=8,Social and Economic Data Analysis,University of Konstanz,Konstanz,English,4 semesters,Master (Master of Science),,http://uni.kn/studiengebuehren,You will need an above-average Bachelor's degree in business administration/economics mathematics statistics political science computer science sociology or psychology proof of credits in three of our Foundation of Data Analysis courses English language skills (demonstrated by a language test such as Cambridge Certificate of Proficiency in English IELTS or TOEFL) a CV with a letter of motivation and two letters of recommendation from university professors. We will gladly receive your application even if you have not yet obtained your Bachelor's certificate. Please see our website for all the admission requirements.,https://www.uni-konstanz.de/studieren/vor-dem-studium/bewerbung-und-immatrikulation/zulassungssatzungen/masterstudiengaenge-mit-numerus-clausus/,selection by the HEI,Winter Semester only,22.10.2018 - 16.02.2019,https://www.uni-konstanz.de/en/study/before-you-study/study-programmes/masters-degree/social-and-economic-data-analysis-msc/,International Office Universitätsstraße 10 78457 Konstanz Tel.: 07531 88-3089 Fax: 07531 88-3037,international@uni-konstanz.de,http://www.uni-konstanz.de/international/
https://www.daad.de/deutschland/studienangebote/studiengang/en/?a=detail&id=w25827&q=&degree=37&subjects%5B380%5D=1&studyareas%5B380%5D=1&studyfields%5B394%5D=1&studyfields%5B390%5D=1&courselanguage=2&locations=&universities%5B1%5D=1&admissionsemester=&sort=name&page=8,Sport Management,Sports University of Cologne,Köln,English,4 semesters,Master of Science (Master of Science),,,http://www.dshs-koeln.de/studium/studienangebot/master/msc-sport-management/admission-requirements/,http://www.dshs-koeln.de/studium/studienangebot/master/msc-sport-management/admission-requirements/,selection by the HEI,Winter Semester only,08.10.2018 - 01.02.2019,http://www.dshs-koeln.de/studium/studienangebot/master/msc-sport-management/,International Office (Abteilung der Stabsstelle Akademische Planung und Steuerung) Am Sportpark Müngersdorf 6 50933 Köln Tel.: 0221 4982-2160 Fax: 0221 4982-8120,international@dshs-koeln.de,http://www.dshs-koeln.de/visitenkarte/einrichtung/auslandsamt/
